Time (seconds),strength
0.85,1009
0.96,1005
1.07,998
1.17,1011
1.27,997
1.38,1003
1.48,1005
1.59,1004
1.69,1001
1.79,993
1.90,1004
2.00,1009
2.11,999
2.21,1004
2.31,1002
2.42,998
2.52,1000
2.63,1000
2.73,1011
2.83,1006
2.94,1004
3.04,1005
3.15,1008
3.25,999
3.39,1005
3.49,1003
3.59,1006
3.70,1000
3.80,994
3.91,992
4.01,1004
4.11,998
4.22,1007
4.32,1015
4.43,994
4.53,1001
4.63,1010
4.74,994
4.84,1000
4.95,997
5.05,997
5.16,1002
5.26,1002
5.37,1011
5.47,995
5.57,1006
5.68,1002
5.78,990
5.89,1005
5.99,999
6.09,1006
6.23,1002
6.33,1016
6.43,1028
6.54,998
6.64,1014
6.75,976
6.85,981
6.95,1013
7.06,1001
7.16,997
7.27,1007
7.37,1004
7.48,994
7.58,1001
7.69,1003
7.79,1003
7.90,1006
8.01,996
8.11,1004
8.21,1000
8.32,993
8.42,1010
8.53,1001
8.63,999
8.73,1009
8.84,1000
8.97,994
9.08,1000
9.18,1006
9.29,1008
9.39,998
9.49,995
9.60,1004
9.70,1004
9.81,998
9.91,1004
10.01,999
10.12,1002
10.22,1003
10.33,1007
10.43,998
10.53,981
10.64,993
10.74,1010
10.85,1007
10.95,990
11.06,1021
11.16,997
11.27,1008
11.37,999
11.47,982
11.58,993
11.74,1006
11.84,995
11.95,995
12.05,1003
12.15,993
12.26,1001
12.36,990
12.47,1012
12.57,1006
12.67,998
12.78,1002
12.88,994
12.99,998
13.09,1000
13.19,1009
13.30,1005
13.41,1007
13.51,1002
13.61,1007
13.72,1001
13.83,1007
13.93,996
14.03,1008
14.14,1004
14.27,988
14.37,1006
14.48,1004
14.58,1006
14.69,1006
14.79,1007
14.89,996
15.00,997
15.10,1008
15.21,998
15.31,1000
15.41,1000
15.52,1003
15.63,999
15.73,1003
15.83,1008
15.94,1001
16.04,1008
16.15,997
16.25,999
16.35,994
16.46,1000
16.56,1001
16.67,1005
16.80,992
16.91,1000
17.01,998
17.11,1009
17.22,1017
17.32,992
17.43,1009
17.53,1001
17.63,999
17.74,1000
17.84,1007
17.95,1001
18.05,1000
18.15,1003
18.26,1014
18.36,1003
18.47,1004
18.57,999
18.68,992
18.78,1001
18.89,1010
18.99,1006
19.09,994
19.20,1005
19.33,1004
19.43,1002
19.54,995
19.64,997
19.75,1002
19.85,1001
19.95,995
20.06,1002
20.16,998
20.27,1003
20.37,996
20.48,1011
20.58,1003
20.69,1002
20.79,1008
20.89,1005
21.00,1004
21.11,1007
21.21,1008
21.31,1000
21.42,1012
21.52,993
21.63,981
21.76,1006
21.89,1004
21.99,1007
22.09,1005
22.20,1002
22.30,1013
22.41,998
22.51,998
22.61,1009
22.72,1000
22.82,996
22.93,1003
23.03,1010
23.13,1002
23.24,1306
23.34,1332
23.45,976
23.55,1043
23.65,950
23.76,829
23.86,891
23.97,1070
24.07,1089
24.17,914
24.29,1044
24.41,1023
24.51,1046
24.62,948
24.73,1001
24.83,914
24.93,864
25.04,1413
25.14,907
25.25,994
25.35,873
25.45,999
25.56,940
25.66,1053
25.77,975
25.87,1035
25.98,1085
26.09,933
26.19,935
26.29,990
26.40,1140
26.50,678
26.61,1256
26.71,873
26.81,1320
26.95,1160
27.05,936
27.16,1210
27.26,927
27.37,770
27.47,1185
27.57,949
27.68,1196
27.78,1136
27.89,730
27.99,969
28.09,1896
28.20,1099
28.30,1096
28.41,922
28.51,783
28.61,1488
28.72,1496
28.82,1480
28.93,1216
29.03,882
29.13,1184
29.24,775
29.34,863
29.48,1015
29.58,1123
29.69,808
29.79,1018
29.89,857
30.00,934
30.10,1304
30.21,1056
30.31,1080
30.41,612
30.52,1040
30.62,1064
30.73,2095
30.83,1391
30.93,1087
31.04,852
31.14,810
31.25,524
31.35,728
31.45,1098
31.56,1562
31.66,1347
31.77,1243
31.87,1210
32.03,829
32.13,1356
32.23,1243
32.34,1022
32.44,751
32.55,787
32.65,1082
32.75,1296
32.86,1486
32.96,1292
33.07,1201
33.17,1479
33.27,1370
33.38,966
33.48,671
33.59,1504
33.69,2270
33.79,1410
33.90,2207
34.00,1453
34.11,2599
34.21,1245
34.31,1130
34.42,709
34.55,683
34.65,1334
34.76,1823
34.87,2190
34.97,1724
35.07,1285
35.18,1276
35.28,1492
35.39,1390
35.49,1365
35.59,1543
35.70,1381
35.80,987
35.91,605
36.01,757
36.11,1392
36.22,1742
36.32,1153
36.43,960
36.53,1263
36.63,1234
36.74,1220
36.84,1008
36.95,858
37.08,850
37.18,1395
37.29,1910
37.39,780
37.49,995
37.60,937
37.70,917
37.81,924
37.91,1190
38.01,1590
38.12,1087
38.22,1165
38.33,1027
38.43,992
38.53,942
38.64,996
38.74,1086
38.85,1090
38.95,1291
39.05,1110
39.16,1063
39.26,1056
39.37,923
39.47,937
39.60,1018
39.71,1153
39.81,1152
39.92,1074
40.02,1140
40.13,949
40.23,961
40.33,927
40.44,911
40.54,1051
40.65,1370
40.75,1374
40.85,1273
40.96,1128
41.06,872
41.17,710
41.27,752
41.37,1077
41.48,1249
41.58,1141
41.69,1195
41.79,1113
41.89,873
42.00,915
42.15,902
42.26,1068
42.36,1364
42.47,1194
42.57,1032
42.67,1010
42.78,867
42.89,855
42.99,1026
43.09,1230
43.20,1321
43.30,1095
43.41,921
43.51,863
43.61,807
43.72,893
43.82,1231
43.93,1357
44.03,1075
44.13,1126
44.24,1024
44.34,939
44.45,946
44.55,1034
44.69,1159
44.79,1037
44.89,969
45.00,1063
45.10,1204
45.21,1097
45.31,865
45.41,1040
45.52,1067
45.62,1143
45.73,1057
45.83,813
45.93,1049
46.04,1201
46.14,1263
46.25,1143
46.35,813
46.45,798
46.56,1146
46.66,1129
46.77,1123
46.87,1022
46.97,1067
47.08,1083
47.21,1011
47.31,1219
47.42,1332
47.52,1582
47.63,2337
47.73,1313
47.83,152
47.94,567
48.04,1288
48.15,768
48.25,853
48.36,957
48.46,783
48.57,491
48.67,1525
48.77,2017
48.88,2125
48.98,2784
49.09,1331
49.19,1039
49.29,928
49.40,1091
49.50,1263
49.61,966
49.74,873
49.85,976
49.95,1002
50.05,1108
50.16,1370
50.26,1157
50.37,999
50.47,1222
50.57,1132
50.68,959
50.78,1081
50.89,915
50.99,940
51.09,1042
51.20,1235
51.30,1196
51.41,1189
51.51,1494
51.61,1275
51.72,1364
51.83,1204
51.93,872
52.03,547
52.14,822
52.29,1770
52.40,1681
52.50,1028
52.61,1035
52.71,1397
52.81,1199
52.92,1015
53.02,931
53.13,897
53.23,1068
53.33,1181
53.44,1444
53.54,1006
53.65,1044
53.75,1027
53.85,918
53.96,996
54.06,1136
54.17,1252
54.27,954
54.37,1153
54.48,1101
54.58,1013
54.69,1110
54.82,1138
54.93,908
55.03,1192
55.13,1065
55.24,1003
55.34,1038
55.45,1022
55.55,1088
55.65,1121
55.76,1224
55.86,893
55.97,999
56.07,1061
56.17,941
56.28,972
56.38,1012
56.49,1115
56.59,1150
56.69,1204
56.80,1436
56.90,1060
57.01,1433
57.11,1178
57.21,729
57.35,827
57.45,1255
57.55,1073
57.66,1145
57.76,1309
57.87,867
57.97,1232
58.07,870
58.18,798
58.28,971
58.39,1089
58.49,1165
58.59,1061
58.70,1055
58.80,1299
58.91,1142
59.01,928
59.12,839
59.22,965
59.33,1251
59.43,1273
59.53,1439
59.64,1026
59.74,1262
59.88,1262
59.98,986
60.09,740
60.19,950
60.29,1267
60.40,1351
60.50,1274
60.61,964
60.71,956
60.81,955
60.92,918
61.02,1277
61.13,1167
61.23,870
61.33,1375
61.44,1183
61.54,841
61.65,753
61.75,997
61.85,1499
61.96,1291
62.06,1090
62.17,940
62.27,976
62.43,1083
62.53,1266
62.63,1273
62.74,1058
62.84,1071
62.95,961
63.05,820
63.15,946
63.26,1231
63.36,1177
63.47,1157
63.57,921
63.67,916
63.78,994
63.88,975
63.99,1249
64.09,1147
64.19,1115
64.30,1114
64.40,979
64.51,947
64.61,1106
64.71,1095
64.82,938
64.93,1049
65.05,1081
65.16,993
65.26,905
65.37,1055
65.47,1347
65.57,1268
65.68,1171
65.78,1162
65.89,1028
65.99,845
66.09,751
66.20,1117
66.30,1596
66.41,1280
66.51,1092
66.61,984
66.72,1007
66.82,997
66.93,855
67.03,1067
67.13,1096
67.24,1501
67.34,1403
67.48,1160
67.58,821
67.69,724
67.79,799
67.89,1339
68.00,1651
68.10,1149
68.21,825
68.31,940
68.41,1169
68.52,934
68.63,1059
68.73,1325
68.83,1650
68.94,1367
69.04,1013
69.15,661
69.25,718
69.35,1202
69.46,1626
69.56,1195
69.67,986
69.77,870
69.87,998
69.98,921
70.11,1043
70.21,1181
70.32,1140
70.42,1268
70.53,1335
70.63,1207
70.73,944
70.84,736
70.94,834
71.05,1265
71.15,1413
71.25,1232
71.36,951
71.46,1002
71.57,969
71.67,886
71.77,1128
71.88,1431
71.98,1207
72.09,1120
72.19,954
72.29,951
72.40,855
72.50,1033
72.66,1419
72.76,1213
72.87,1105
72.97,948
73.07,1077
73.18,1606
73.28,1550
73.39,1426
73.49,1150
73.59,1412
73.70,571
73.80,918
73.91,1007
74.01,940
74.11,896
74.22,706
74.33,1920
74.43,1064
74.53,2357
74.64,915
74.74,766
74.85,444
74.95,452
75.05,1593
75.19,2328
75.29,2086
75.40,1304
75.50,1029
75.61,1540
75.71,1556
75.81,1131
75.92,794
76.02,648
76.13,866
76.23,1448
76.33,1897
76.44,1032
76.55,962
76.65,1042
76.75,1145
76.86,1408
76.96,960
77.07,1194
77.17,1152
77.27,1115
77.38,1406
77.48,1108
77.59,1174
77.72,1322
77.82,1104
77.93,1641
78.03,973
78.13,819
78.24,856
78.34,1062
78.45,966
78.55,982
78.65,1005
78.76,356
78.86,227
78.97,1230
79.07,1746
79.17,1887
79.28,1143
79.38,1017
79.49,1237
79.59,1167
79.69,1029
79.80,921
79.90,1473
80.01,2692
80.11,1082
80.24,589
80.35,561
80.45,902
80.55,2028
80.66,2225
80.76,1668
80.87,1135
80.97,936
81.07,934
81.18,828
81.28,1118
81.39,1466
81.49,1283
81.59,1182
81.70,1128
81.80,1066
81.91,1040
82.01,1105
82.11,1031
82.22,1017
82.32,1065
82.43,1176
82.53,1146
82.63,986
82.81,1079
82.91,1156
83.02,1105
83.12,1010
83.23,1132
83.33,1059
83.43,963
83.54,952
83.65,910
83.75,1256
83.85,1222
83.96,976
84.06,999
84.17,1245
84.27,1000
84.37,783
84.48,881
84.58,1304
84.69,1517
84.79,1095
84.89,1038
85.00,1010
85.10,966
85.21,903
85.34,885
85.45,1066
85.55,1308
85.65,1153
85.76,1261
85.86,1107
85.97,1041
86.07,969
86.17,980
86.28,1075
86.38,1176
86.49,1238
86.59,1146
86.69,1161
86.80,1144
86.90,1026
87.01,918
87.11,839
87.22,939
87.32,1103
87.43,1073
87.53,1055
87.63,1260
87.74,1300
87.87,1158
87.97,1376
88.08,967
88.18,734
88.29,789
88.39,1367
88.49,1530
88.60,1263
88.70,2108
88.81,1573
88.91,1037
89.01,396
89.12,569
89.22,630
89.33,731
89.43,1264
89.53,1258
89.64,936
89.74,1198
89.85,1273
89.95,1299
90.05,1049
90.16,975
90.26,1013
90.39,1002
90.50,992
90.60,1108
90.71,1004
90.81,989
90.91,994
91.02,984
91.12,1002
91.23,1011
91.33,1012
91.43,1036
91.54,1013
91.64,1001
91.75,998
91.85,991
91.95,1015
92.06,1007
92.16,1008
92.27,1013
92.37,1025
92.47,1007
92.58,1032
92.68,1010
92.82,979
92.94,1017
93.05,1004
93.15,1002
93.25,1170
93.36,1256
93.46,733
93.57,262
93.67,945
93.77,1082
93.88,1013
93.99,1012
94.09,1019
94.19,1007
94.30,1003
94.40,1009
94.51,1017
94.61,1026
94.71,1000
94.82,1011
94.92,1016
95.03,1017
95.13,1030
95.23,1029
95.37,1006
95.47,1054
95.57,2284
95.68,348
95.78,1372
95.89,3082
95.99,1597
96.09,844
96.20,1012
96.30,1267
96.41,1173
96.51,1170
96.61,1108
96.72,916
96.82,891
96.93,987
97.03,995
97.13,1012
97.24,1189
97.34,1195
97.45,1115
97.55,895
97.65,999
97.76,1066
97.89,955
98.00,1012
98.10,1137
98.21,1259
98.31,1143
98.41,1214
98.52,1184
98.62,1156
98.73,1054
98.83,930
98.93,874
99.04,1002
99.14,1276
99.25,1067
99.35,1018
99.45,1069
99.56,1062
99.66,1061
99.77,1030
99.87,1019
99.97,1016
100.08,1029
100.18,1024
100.29,1026
100.42,1029
100.53,1025
100.63,1029
100.73,1014
100.84,1016
100.94,1053
101.05,1003
101.15,1037
101.25,1054
101.36,1083
101.46,1103
101.57,1061
101.67,939
101.77,876
101.88,946
101.98,1100
102.09,1162
102.19,1179
102.29,1082
102.40,1056
102.50,1061
102.66,1524
102.77,1274
102.87,1132
102.97,921
103.08,830
103.18,1086
103.29,1718
103.39,1295
103.49,1103
103.60,1050
103.70,1048
103.81,1189
103.91,1095
104.01,1101
104.12,1236
104.22,950
104.33,1019
104.43,1154
104.54,990
104.64,880
104.75,1171
104.85,1122
104.98,983
105.09,1073
105.19,1190
105.29,773
105.40,935
105.50,1145
105.61,1220
105.71,1082
105.81,1104
105.92,1083
106.03,1015
106.13,1008
106.24,1037
106.34,1036
106.45,1649
106.55,1410
106.66,1065
106.76,847
106.87,994
106.97,1260
107.07,1330
107.18,1188
107.31,737
107.41,1052
107.52,1612
107.62,1118
107.73,1556
107.83,1283
107.93,816
108.04,560
108.14,844
108.25,1551
108.35,1654
108.45,1269
108.56,1184
108.66,1224
108.77,1370
108.87,1313
108.97,1109
109.08,752
109.18,717
109.29,894
109.39,1379
109.50,1543
109.63,1259
109.73,1067
109.83,1315
109.94,1648
110.04,1312
110.15,779
110.25,494
110.35,791
110.46,1817
110.56,2276
110.67,1059
110.77,835
110.87,1153
110.98,1552
111.08,1674
111.19,1132
111.29,659
111.39,651
111.50,1313
111.60,2041
111.71,1532
111.86,1016
111.97,1064
112.07,963
112.17,823
112.28,1107
112.38,1517
112.49,1158
112.59,1026
112.69,981
112.80,837
112.90,981
113.01,1137
113.11,1143
113.22,1355
113.32,986
113.43,997
113.53,564
113.63,812
113.74,1130
113.84,1074
113.95,961
114.05,1159
114.16,940
114.29,870
114.39,991
114.49,1331
114.60,1154
114.70,999
114.81,1169
114.91,2407
115.01,2852
115.12,2537
115.22,1904
115.33,2519
115.43,1379
115.53,3467
115.64,2434
115.74,2577
115.85,1707
115.95,3533
116.05,1131
116.16,2915
116.26,1531
116.37,2051
116.50,2992
116.61,1739
116.71,1391
116.82,3237
116.92,1235
117.03,2175
117.13,2406
117.23,2165
117.34,1734
117.44,2327
117.55,3184
117.65,2539
117.75,1912
117.86,2788
117.96,2224
118.07,1780
118.17,2589
118.27,981
118.38,2081
118.48,2873
118.59,2682
118.69,1848
118.82,1207
118.93,469
119.03,564
119.13,1307
119.24,1918
119.34,1266
119.45,1189
119.55,1077
119.65,1172
119.76,1458
119.86,1043
119.97,776
120.07,1157
120.17,1768
120.28,1274
120.38,1302
120.49,872
120.59,797
120.69,632
120.80,797
120.90,1211
121.04,1538
121.16,1194
121.27,1129
121.37,1054
121.47,1050
121.58,928
121.68,878
121.79,1024
121.89,1162
121.99,1607
122.10,1078
122.20,1148
122.31,1011
122.41,954
122.51,901
122.62,1065
122.72,1582
122.83,1181
122.93,1435
123.03,930
123.14,952
123.24,1040
123.38,1023
123.48,1263
123.59,1205
123.69,1104
123.79,1112
123.90,1076
124.00,935
124.11,843
124.21,1108
124.31,1281
124.42,966
124.52,1136
124.63,806
124.73,972
124.84,1190
124.94,1047
125.05,940
125.15,1468
125.25,1598
125.36,1476
125.46,1481
125.57,1688
125.70,1106
125.80,1206
125.91,1689
126.01,1590
126.11,1529
126.22,2257
126.32,2219
126.43,1644
126.53,902
126.63,1311
126.74,1749
126.84,1997
126.95,1854
127.05,1370
127.15,1609
127.26,1778
127.36,1385
127.47,897
127.57,587
127.67,810
127.78,1474
127.88,1958
128.01,1286
128.12,934
128.22,846
128.33,989
128.43,986
128.53,1094
128.64,1232
128.74,1407
128.85,1496
128.95,1177
129.05,967
129.16,733
129.26,814
129.37,1214
129.47,1685
129.57,1289
129.68,1114
129.78,924
129.89,974
129.99,969
130.09,1083
130.20,987
130.35,1148
130.46,1164
130.56,1161
130.67,970
130.77,932
130.87,1045
130.98,1265
131.08,1111
131.19,1299
131.29,870
131.39,969
131.50,1132
131.60,949
131.71,813
131.81,1198
131.91,1197
132.02,1308
132.12,1214
132.23,1150
132.33,741
132.43,745
132.54,1031
132.67,1660
132.78,1369
132.88,1135
132.99,801
133.09,877
133.19,907
133.30,1307
133.40,1305
133.51,1287
133.61,1224
133.71,1415
133.82,1232
133.92,902
134.03,1031
134.13,1258
134.23,1308
134.34,1373
134.44,958
134.55,1063
134.65,1453
134.75,1598
134.86,1666
134.99,1494
135.09,1025
135.20,787
135.30,1020
135.41,1454
135.51,1454
135.61,1172
135.72,1256
135.82,1476
135.93,1334
136.03,1961
136.13,1520
136.24,991
136.34,799
136.45,1015
136.55,1441
136.66,1192
136.76,1161
136.87,1547
136.97,1474
137.07,1127
137.21,1501
137.31,1243
137.42,930
137.52,1094
137.63,959
137.73,1078
137.83,1116
137.94,1475
138.04,1320
138.15,1564
138.25,1292
138.35,1435
138.46,1370
138.56,898
138.67,685
138.77,1179
138.87,1567
138.98,1657
139.08,851
139.19,869
139.29,1127
139.39,1445
139.55,1247
139.65,1508
139.76,1436
139.86,1060
139.97,906
140.07,1086
140.17,1408
140.28,1662
140.38,1312
140.49,950
140.59,1057
140.69,1686
140.80,1783
140.90,1699
141.01,1367
141.11,1072
141.21,1420
141.32,1351
141.42,1341
141.53,1478
141.63,1421
141.73,1184
141.87,1387
141.97,1379
142.08,1909
142.18,1668
142.29,1266
142.39,784
142.49,855
142.60,1353
142.70,1826
142.81,1218
142.91,1106
143.01,1433
143.12,1594
143.22,1715
143.33,1847
143.43,1444
143.53,914
143.64,715
143.74,1000
143.85,1509
143.95,1607
144.09,1198
144.19,1428
144.29,1666
144.40,1515
144.50,1989
144.61,1300
144.71,739
144.81,739
144.92,1268
145.02,1513
145.13,1615
145.23,1522
145.33,1699
145.44,1615
145.55,1845
145.65,1581
145.75,1304
145.86,829
145.96,986
146.07,1030
146.17,1859
146.27,2042
146.41,2048
146.51,1493
146.62,1416
146.72,969
146.83,773
146.93,1177
147.03,1791
147.14,1919
147.24,2381
147.35,1652
147.45,1886
147.55,1278
147.66,1322
147.77,1322
147.87,1021
147.97,1050
148.08,1634
148.18,1800
148.29,1542
148.39,2058
148.49,1110
148.60,1532
148.76,913
148.86,706
148.97,985
149.07,1074
149.17,1355
149.28,1756
149.38,1523
149.49,1421
149.59,1256
149.70,1083
149.80,986
149.91,984
150.01,945
150.11,1172
150.22,1045
150.33,1211
150.43,1477
150.53,1411
150.64,1499
150.74,1215
150.85,1028
150.98,859
151.09,1124
151.19,1042
151.30,1383
151.40,1324
151.51,1120
151.61,1340
151.71,1661
151.82,1564
151.92,1462
152.03,1150
152.13,735
152.23,746
152.34,1212
152.44,1634
152.55,1753
152.65,956
152.76,1080
152.86,1118
152.97,1507
153.07,1466
153.17,1787
153.31,1086
153.41,478
153.51,515
153.62,1469
153.72,1840
153.83,1499
153.93,1015
154.03,956
154.14,1042
154.24,1384
154.35,1330
154.45,1609
154.55,1546
154.66,926
154.76,471
154.87,721
154.97,1681
155.07,1663
155.18,1225
155.28,919
155.39,893
155.49,1112
155.63,1416
155.73,1518
155.83,1380
155.94,945
156.04,682
156.15,978
156.25,1542
156.35,1384
156.46,1126
156.57,941
156.67,980
156.77,1172
156.88,1310
156.98,1359
157.09,1653
157.19,967
157.29,696
157.40,900
157.50,1272
157.61,1479
157.71,1124
157.81,927
157.99,1147
158.09,1482
158.20,1262
158.30,1233
158.41,1259
158.51,765
158.61,593
158.72,1161
158.82,2156
158.93,2337
159.03,1055
159.14,455
159.24,678
159.35,2294
159.45,671
159.55,975
159.66,914
159.76,919
159.87,1207
159.97,1414
160.07,1300
160.18,1267
160.31,1043
160.42,1064
160.52,1047
160.63,630
160.73,973
160.83,1405
160.94,1076
161.04,847
161.15,1150
161.25,1948
161.35,1008
161.46,934
161.56,1043
161.67,1041
161.77,992
161.88,1043
161.98,1058
162.09,1513
162.19,743
162.30,1251
162.40,879
162.51,1097
162.64,959
162.74,1069
162.85,1368
162.95,1408
163.05,1258
163.16,1208
163.26,1164
163.37,971
163.47,834
163.57,1079
163.68,1452
163.78,1238
163.89,1316
163.99,1012
164.09,1009
164.20,951
164.30,1211
164.41,1693
164.51,1398
164.61,1233
164.72,1216
164.82,1075
164.95,990
165.06,1217
165.16,1411
165.27,1216
165.37,1786
165.47,1257
165.58,970
165.68,1045
165.79,1261
165.89,1655
165.99,1790
166.10,1345
166.20,1019
166.31,1064
166.41,1196
166.51,1152
166.62,1212
166.73,1103
166.83,1095
166.93,1338
167.04,733
167.19,1400
167.30,1234
167.40,1080
167.51,968
167.61,609
167.71,846
167.82,1782
167.92,1395
168.03,1292
168.13,860
168.23,815
168.34,1011
168.44,1028
168.55,951
168.65,1293
168.75,1338
168.86,1041
168.96,916
169.07,807
169.17,999
169.27,1265
169.38,1075
169.51,1059
169.62,881
169.72,941
169.83,987
169.93,1047
170.03,1129
170.14,1250
170.24,1006
170.35,1032
170.45,1122
170.55,1001
170.66,937
170.76,1080
170.87,1076
170.97,1035
171.07,978
171.18,1196
171.28,1069
171.39,949
171.49,1024
171.59,1017
171.70,928
171.83,995
171.94,1082
172.04,1029
172.15,1060
172.25,997
172.35,1021
172.46,1019
172.56,1045
172.67,1025
172.77,1055
172.87,1054
172.98,1023
173.08,1080
173.19,1007
173.29,1019
173.39,1031
173.50,1019
173.60,1013
173.71,1001
173.81,1025
173.91,998
174.02,1010
174.15,1071
174.25,1049
174.36,1019
174.46,1020
174.57,995
174.67,1016
174.77,1040
174.88,1029
174.98,1024
175.09,1015
175.19,1036
175.29,1010
175.40,1012
175.50,1022
175.61,1027
175.71,1029
175.81,1030
175.92,1003
176.02,1005
176.13,1020
176.23,1028
176.39,1024
176.49,1039
176.60,986
176.70,1051
176.81,1035
176.91,1036
177.01,998
177.12,1022
177.22,1023
177.33,1023
177.43,1011
177.53,1033
177.64,1034
177.74,1022
177.85,1009
177.95,1007
178.05,1034
178.16,1069
178.26,1010
178.37,972
178.47,1031
178.57,1034
178.71,1036
178.81,990
178.91,1019
179.02,1025
179.12,1029
179.23,1015
179.33,1002
179.43,1026
179.54,1027
179.64,1024
179.75,1002
179.85,1067
179.95,1077
180.06,987
180.16,1058
180.27,968
180.37,1060
180.47,1197
180.58,1023
180.68,999
180.79,1005
180.89,958
181.02,1034
181.13,1088
181.23,1151
181.33,1068
181.44,1114
181.54,1018
181.65,1003
181.75,1022
181.85,1085
181.96,1039
182.07,993
182.17,1075
182.27,1042
182.38,968
182.48,1032
182.59,1041
182.69,1067
182.79,988
182.90,1046
183.00,936
183.11,1075
183.24,1019
183.35,1036
183.45,1021
183.55,1036
183.66,1120
183.76,1150
183.87,1033
183.97,1087
184.07,1082
184.18,955
184.28,870
184.39,945
184.49,1318
184.59,1165
184.70,1341
184.80,1332
184.91,977
185.01,1268
185.11,1205
185.22,1042
185.32,1253
185.43,1174
185.59,889
185.69,1053
185.79,892
185.90,1531
186.00,1250
186.11,1309
186.21,1072
186.31,1118
186.42,1229
186.52,939
186.63,974
186.73,1298
186.83,1111
186.94,1055
187.04,953
187.15,962
187.25,1030
187.35,1025
187.46,1077
187.56,1141
187.67,1089
187.77,958
187.90,1024
188.01,1030
188.11,998
188.21,1202
188.32,1169
188.42,1015
188.53,700
188.63,1239
188.73,1074
188.84,1157
188.94,1134
189.05,960
189.15,1007
189.25,1090
189.36,987
189.46,1008
189.57,1022
189.67,1094
189.77,1086
189.88,1004
189.98,1053
190.09,1001
190.22,1040
190.32,1302
190.43,1179
190.53,1285
190.63,984
190.74,751
190.84,956
190.95,845
191.05,1032
191.15,1142
191.26,1023
191.36,1061
191.47,1483
191.57,973
191.68,950
191.78,872
191.89,1227
191.99,1136
192.09,985
192.20,1041
192.30,1082
192.41,1081
192.54,1091
192.64,1072
192.75,1028
192.85,1344
192.95,1505
193.06,1062
193.16,1071
193.27,764
193.37,744
193.47,1542
193.58,701
193.68,853
193.79,882
193.89,922
193.99,1110
194.10,970
194.20,906
194.31,1042
194.41,1081
194.52,1026
194.62,988
194.73,1007
194.89,916
194.99,915
195.09,1374
195.20,988
195.30,1057
195.41,1036
195.51,1077
195.62,1030
195.72,1009
195.83,1005
195.93,1010
196.03,929
196.14,1195
196.25,994
196.35,1000
196.45,1042
196.56,983
196.66,1013
196.77,1026
196.87,1107
196.97,1034
197.09,1021
197.21,960
197.31,973
197.42,1020
197.52,1026
197.63,1095
197.73,975
197.83,898
197.94,1139
198.04,969
198.15,956
198.25,923
198.35,1030
198.46,996
198.56,1078
198.67,1005
198.77,1029
198.87,1010
198.98,1095
199.08,965
199.19,956
199.29,968
199.39,986
199.53,1035
199.63,1021
199.73,1067
199.84,986
199.94,995
200.05,1023
200.15,1030
200.25,1042
200.36,1102
200.46,1572
200.57,1618
200.67,500
200.77,1219
200.88,2952
200.98,892
201.09,1396
201.19,2024
201.29,929
201.40,853
201.50,1298
201.61,546
201.71,1792
201.84,1304
201.95,1474
202.05,2663
202.15,1049
202.26,1006
202.36,986
202.47,1162
202.57,1037
202.67,1231
202.78,945
202.88,977
202.99,1039
203.09,943
203.19,1080
203.30,995
203.40,1003
203.51,993
203.61,1031
203.71,1030
203.82,1024
203.92,1024
204.03,999
204.19,1012
204.29,1023
204.39,1010
204.50,1051
204.60,1010
204.71,1020
204.81,1028
204.91,994
205.02,1096
205.12,941
205.23,1251
205.33,891
205.43,944
205.54,1027
205.64,1034
205.75,997
205.85,1064
205.95,1024
206.06,1016
206.16,1049
206.27,1089
206.40,1060
206.51,1022
206.61,1072
206.71,1070
206.82,1098
206.92,1007
207.03,990
207.13,1043
207.23,1081
207.34,1117
207.44,535
207.55,1473
207.65,983
207.75,1024
207.86,1094
207.96,932
208.07,1078
208.17,762
208.27,1157
208.38,1174
208.48,811
208.59,1038
208.72,754
208.83,914
208.93,1156
209.03,999
209.14,946
209.24,951
209.35,1039
209.45,1156
209.56,1047
209.66,954
209.77,872
209.87,867
209.97,1202
210.08,968
210.18,1067
210.29,1115
210.39,1380
210.49,930
210.60,880
210.70,993
210.81,1106
210.91,1016
211.01,1105
211.15,1116
211.25,1126
211.36,1168
211.46,585
211.57,452
211.67,1073
211.77,1597
211.88,1210
211.98,986
212.09,1044
212.19,1181
212.29,1066
212.40,944
212.50,1043
212.61,958
212.71,1246
212.81,876
212.92,993
213.02,1032
213.13,1252
213.23,1140
213.37,1942
213.49,823
213.59,1258
213.70,992
213.80,900
213.91,1113
214.01,1110
214.11,1243
214.22,1577
214.32,1040
214.43,917
214.53,636
214.63,1057
214.74,902
214.84,735
214.95,1380
215.05,989
215.15,1029
215.26,873
215.36,828
215.47,1009
215.57,1064
215.68,947
215.81,1044
215.91,1008
216.02,884
216.12,1221
216.23,1119
216.33,1064
216.43,987
216.54,857
216.64,904
216.75,980
216.85,973
216.95,1117
217.06,1155
217.16,1184
217.27,785
217.37,939
217.47,960
217.58,1038
217.68,1067
217.79,1116
217.89,1542
217.99,769
218.13,1379
218.23,722
218.34,1239
218.44,1487
218.55,2100
218.65,1371
218.76,915
218.86,2073
218.97,2645
219.07,868
219.17,2262
219.28,1298
219.38,1541
219.49,2609
219.59,1302
219.69,2630
219.80,724
219.90,2430
220.01,1036
220.11,2377
220.21,1140
220.32,1403
220.45,2239
220.55,936
220.66,1743
220.76,2391
220.87,394
220.97,1018
221.07,2120
221.18,601
221.28,1557
221.39,2323
221.49,642
221.59,1216
221.70,2264
221.80,621
221.91,800
222.01,1064
222.11,764
222.22,2606
222.32,509
222.43,985
222.53,2261
222.63,478
222.79,1983
222.90,1649
223.00,1491
223.11,1425
223.21,909
223.31,2341
223.42,2955
223.52,1455
223.63,1526
223.73,740
223.83,2266
223.94,1534
224.04,2361
224.15,1809
224.25,2673
224.35,2465
224.46,2768
224.56,2564
224.67,2782
224.77,2324
224.87,2660
225.01,644
225.11,2370
225.22,890
225.32,2252
225.43,603
225.53,2132
225.63,810
225.74,2152
225.84,574
225.95,1324
226.05,1011
226.15,2457
226.26,2095
226.36,1729
226.47,2267
226.57,2665
226.67,2074
226.78,1757
226.88,1731
226.99,2726
227.09,2962
227.19,1815
227.33,2245
227.43,2011
227.53,1826
227.64,2519
227.74,1893
227.85,1387
227.95,878
228.05,569
228.16,1403
228.26,1486
228.37,1393
228.47,1265
228.57,1329
228.68,1956
228.78,1254
228.89,1009
228.99,1263
229.09,1278
229.20,1032
229.30,905
229.41,998
229.51,954
229.64,877
229.75,978
229.85,970
229.95,982
230.06,1147
230.16,1136
230.27,964
230.37,1038
230.47,1091
230.58,929
230.68,1027
230.79,985
230.89,1057
230.99,1268
231.10,962
231.20,1209
231.31,1066
231.41,955
231.51,1096
231.62,1231
231.72,1143
231.83,918
232.00,1177
232.11,1200
232.21,1074
232.31,1043
232.42,1119
232.52,982
232.63,996
232.73,1009
232.83,1061
232.94,986
233.04,943
233.15,1072
233.25,1027
233.35,1185
233.46,1134
233.56,1033
233.67,1065
233.77,750
233.87,758
233.98,972
234.08,1365
234.19,1330
234.32,988
234.42,986
234.53,1147
234.63,1021
234.73,1013
234.84,1095
234.95,1117
235.05,996
235.15,1170
235.26,913
235.36,1325
235.47,1320
235.57,964
235.67,833
235.78,937
235.88,1080
235.99,1120
236.09,1113
236.19,925
236.30,935
236.40,1109
236.51,1098
236.64,1309
236.74,1060
236.85,1003
236.95,1030
237.05,1109
237.16,1143
237.26,1004
237.37,895
237.47,1007
237.57,1040
237.68,1071
237.78,1117
237.89,1057
237.99,1072
238.09,1036
238.20,1042
238.30,1018
238.41,1030
238.51,1030
238.61,1019
238.72,1030
238.85,1039
238.96,1030
239.06,1033
239.17,1027
239.27,1022
239.37,1028
239.48,1047
239.58,1021
239.69,1035
239.79,1035
239.89,1020
240.00,1041
240.10,1036
240.21,1045
240.31,1021
240.41,1022
240.52,1035
240.62,1025
240.73,1026
240.83,1038
240.93,1035
241.04,1028
241.20,1043
241.31,1029
241.41,1021
241.51,1032
241.62,1032
241.72,1033
241.83,1030
241.93,1017
242.03,1029
242.14,1041
242.24,1034
242.35,1035
242.45,1033
242.55,1024
242.66,1035
242.76,1022
242.87,1025
242.97,1028
243.07,1039
243.18,1033
243.28,1027
243.42,1025
243.53,1040
243.63,1030
243.73,1030
243.84,1036
243.94,1016
244.05,1033
244.15,1041
244.25,1030
244.36,1029
244.46,1056
244.57,1136
244.67,1242
244.77,1197
244.88,1094
244.98,1015
245.09,912
245.19,849
245.29,742
245.40,1010
245.50,947
245.61,1320
245.74,1060
245.84,1069
245.95,1200
246.05,1134
246.15,1087
246.26,996
246.36,1033
246.47,1004
246.57,1034
246.67,999
246.78,1043
246.88,1028
246.99,936
247.09,1011
247.20,1159
247.30,957
247.41,1023
247.51,960
247.61,857
247.72,1045
247.82,989
247.93,941
248.06,1031
248.16,1024
248.27,1012
248.37,985
248.47,1026
248.58,1052
248.68,1031
248.79,1042
248.89,1041
248.99,1027
249.10,1035
249.20,1017
249.31,1034
249.41,986
249.51,995
249.62,1005
249.72,1044
249.83,995
249.93,1021
250.03,1030
250.14,1007
250.30,1017
250.40,1029
250.51,1016
250.61,1017
250.71,1142
250.82,934
250.92,1004
251.03,972
251.13,999
251.23,1021
251.34,1023
251.44,996
251.55,1049
251.65,1015
251.75,1050
251.86,1021
251.96,1022
252.07,1015
252.17,1017
252.27,1015
252.38,1037
252.49,1008
252.62,1023
252.73,985
252.83,1052
252.93,949
253.04,983
253.14,1023
253.25,996
253.35,955
253.45,749
253.56,1464
253.66,1238
253.77,1047
253.87,947
253.98,1142
254.08,1042
254.19,934
254.29,1134
254.39,803
254.50,1003
254.61,1000
254.71,1105
254.81,1058
254.95,993
255.05,925
255.15,991
255.26,421
255.36,1020
255.47,869
255.57,919
255.67,985
255.78,1037
255.88,1005
255.99,1027
256.09,1046
256.19,1047
256.30,1086
256.40,941
256.51,991
256.61,1008
256.71,1006
256.82,1048
256.92,994
257.03,1038
257.13,1023
257.27,1045
257.37,1022
257.47,1008
257.58,1009
257.68,1010
257.79,1018
257.89,986
257.99,1002
258.10,1050
258.21,1038
258.31,1026
258.41,1016
258.52,1021
258.62,1011
258.73,1052
258.83,1031
258.93,1016
259.04,1007
259.14,1016
259.25,1003
259.35,1119
259.45,1049
259.61,998
259.72,1041
259.82,1029
259.93,1032
260.03,1024
260.14,965
260.24,845
260.35,956
260.45,1007
260.55,1013
260.66,1166
260.77,1011
260.87,929
260.97,1049
261.08,1009
261.18,921
261.29,1002
261.39,1135
261.49,1015
261.60,1011
261.70,1002
261.81,1004
261.94,993
262.04,996
262.15,985
262.25,1020
262.35,1022
262.46,1020
262.56,965
262.67,996
262.77,1027
262.87,1018
262.98,1023
263.08,1044
263.19,989
263.29,999
263.39,1116
263.50,1034
263.60,1009
263.71,992
263.81,1008
263.91,988
264.02,1034
264.12,1040
264.25,992
264.36,1018
264.46,1025
264.57,1017
264.67,1057
264.77,1018
264.88,1020
264.98,1126
265.09,1121
265.19,1035
265.29,1002
265.40,1211
265.50,1022
265.61,1017
265.71,1033
265.81,1004
265.92,1013
266.02,1020
266.13,1019
266.23,1016
266.33,1005
266.47,981
266.57,977
266.68,1026
266.78,1005
266.89,950
266.99,1027
267.09,1344
267.20,1018
267.30,972
267.41,1102
267.51,1011
267.62,992
267.72,1093
267.83,1048
267.93,1029
268.03,981
268.14,1027
268.24,1028
268.35,998
268.45,1067
268.55,899
268.66,1026
268.81,1008
268.92,1035
269.02,1003
269.13,989
269.23,987
269.33,940
269.44,1529
269.54,1474
269.65,1193
269.75,813
269.85,740
269.96,835
270.06,1255
270.17,1111
270.27,944
270.37,938
270.48,1003
270.58,1022
270.69,1048
270.79,1006
270.89,1018
271.00,1004
271.13,1026
271.23,993
271.34,1005
271.44,997
271.55,1033
271.65,1012
271.75,1002
271.86,996
271.96,1042
272.07,997
272.17,1004
272.27,1002
272.38,1003
272.48,987
272.59,1013
272.69,1006
272.79,1023
272.90,1016
273.00,1002
273.11,959
273.21,1009
273.31,995
273.45,1021
273.55,1016
273.65,1014
273.76,996
273.86,1021
273.97,968
274.07,1020
274.18,1005
274.28,1020
274.39,1015
274.49,1003
274.59,980
274.70,980
274.80,918
274.91,908
275.01,974
275.11,1066
275.22,1154
275.32,1062
275.43,981
275.53,988
275.64,1007
275.77,1032
275.88,951
275.98,1029
276.09,1033
276.19,1161
276.29,927
276.40,980
276.50,1196
276.61,1169
276.71,1165
276.81,1068
276.92,1048
277.02,1019
277.13,1022
277.23,957
277.33,918
277.44,822
277.54,1100
277.65,907
277.75,1731
277.85,1318
277.96,1924
278.11,1879
278.22,1408
278.33,1266
278.43,1707
278.53,1234
278.64,1893
278.74,1157
278.85,1008
278.95,1022
279.05,1209
279.16,1035
279.26,995
279.37,948
279.47,1016
279.57,1119
279.68,1304
279.78,1288
279.89,1249
279.99,671
280.09,702
280.20,895
280.30,1726
280.43,2056
280.54,1845
280.64,1340
280.75,1649
280.85,1698
280.95,2331
281.06,769
281.16,2304
281.27,1628
281.37,1531
281.47,1941
281.58,1328
281.68,2277
281.79,1605
281.89,1193
281.99,1541
282.10,1487
282.20,1461
282.31,1221
282.41,1385
282.51,1626
282.65,1866
282.75,1542
282.86,1164
282.97,1791
283.07,2260
283.17,1531
283.28,2463
283.38,457
283.49,988
283.59,2490
283.69,1083
283.80,1377
283.90,2472
284.01,1162
284.11,1292
284.21,2285
284.32,1427
284.42,1245
284.53,1799
284.63,1707
284.73,2085
284.84,1366
284.97,1036
285.07,1918
285.18,1424
285.28,980
285.39,1735
285.49,1846
285.59,1403
285.70,1174
285.80,2352
285.91,1466
286.01,1198
286.11,1650
286.22,2251
286.32,1009
286.43,1293
286.53,2247
286.63,501
286.74,1105
286.84,1955
286.95,2045
287.05,1596
287.21,947
287.31,962
287.41,2269
287.52,2275
287.62,1143
287.73,2479
287.83,1468
287.93,969
288.04,1425
288.14,1466
288.25,2775
288.35,959
288.45,1494
288.56,2495
288.66,1765
288.77,917
288.87,2096
288.97,1666
289.08,1116
289.18,2267
289.29,1768
289.39,1329
289.52,1145
289.63,1195
289.73,2549
289.83,846
289.94,1477
290.04,2837
290.15,1027
290.25,812
290.35,2209
290.46,1391
290.56,1046
290.67,1621
290.77,1423
290.87,2547
290.98,1173
291.08,905
291.19,1690
291.29,878
291.39,1172
291.50,2118
291.60,1858
291.71,1939
291.84,1107
291.94,1009
292.05,2171
292.15,1617
292.26,967
292.36,1445
292.47,722
292.57,1812
292.67,1636
292.78,1000
292.88,615
292.99,767
293.09,815
293.19,1204
293.30,1585
293.41,1850
293.51,1560
293.61,948
293.72,841
293.82,897
293.93,941
294.03,1140
294.16,1453
294.27,1201
294.37,1105
294.47,1071
294.58,1025
294.68,690
294.79,1119
294.89,1709
294.99,1007
295.10,1039
295.20,1128
295.31,916
295.41,898
295.51,965
295.62,1165
295.72,1224
295.83,1267
295.93,1168
296.03,1101
296.14,1034
296.24,769
296.40,985
296.50,1363
296.61,1276
296.71,1098
296.81,930
296.92,973
297.03,946
297.13,1026
297.23,1145
297.34,1302
297.44,1224
297.55,1058
297.65,1037
297.75,983
297.86,781
297.96,1028
298.07,1381
298.17,1129
298.27,1140
298.38,960
298.48,974
298.59,921
298.72,1017
298.83,1024
298.93,1354
299.03,1295
299.14,1068
299.24,1107
299.35,1030
299.45,836
299.55,926
299.66,1095
299.76,1222
299.87,1106
299.97,967
300.07,882
300.18,950
300.28,876
300.39,1144
300.49,1237
300.59,1279
300.70,1152
300.80,1139
300.91,1093
301.04,922
301.15,833
301.25,943
301.35,1382
301.46,1485
301.56,1210
301.67,1047
301.77,1126
301.87,1043
301.98,982
302.08,1058
302.19,1229
302.29,1228
302.40,1046
302.50,1068
302.61,1357
302.71,1335
302.81,1025
302.92,1166
303.02,1107
303.13,1135
303.23,1128
303.36,1104
303.47,844
303.57,1174
303.67,1027
303.78,922
303.88,981
303.99,997
304.09,980
304.19,1343
304.30,1636
304.40,1194
304.51,1310
304.61,1270
304.71,980
304.82,686
304.92,1200
305.03,1016
305.13,1184
305.23,990
305.34,1193
305.44,1294
305.55,1009
305.75,830
305.85,1030
305.95,1266
306.06,1576
306.16,1092
306.27,1014
306.37,967
306.47,870
306.58,866
306.68,1208
306.79,1478
306.89,1052
306.99,1261
307.10,1127
307.20,942
307.31,869
307.41,957
307.51,1057
307.62,1487
307.72,1118
307.83,1002
307.93,1067
308.06,922
308.17,806
308.27,1264
308.37,1289
308.48,1193
308.58,939
308.69,966
308.79,965
308.89,943
309.00,1230
309.10,1267
309.21,1014
309.31,1057
309.41,1093
309.52,985
309.62,796
309.73,1010
309.83,1387
309.93,1183
310.04,1156
310.14,959
310.25,949
310.38,753
310.49,1139
310.59,1531
310.70,1100
310.80,1012
310.91,1077
311.01,988
311.11,820
311.22,901
311.32,1224
311.43,1376
311.53,1019
311.63,1150
311.74,943
311.84,940
311.95,843
312.05,884
312.15,1191
312.26,1392
312.36,1087
312.47,1072
312.57,1118
312.71,913
312.81,730
312.91,1080
313.02,1380
313.12,1220
313.23,1051
313.33,886
313.43,1011
313.54,964
313.65,874
313.75,1124
313.85,1311
313.96,1001
314.06,1055
314.17,1167
314.27,1070
314.37,868
314.48,882
314.58,1125
314.69,1388
314.79,1257
314.90,1054
315.06,937
315.16,971
315.27,992
315.37,1213
315.47,1207
315.58,1320
315.68,1117
315.79,1082
315.89,1030
315.99,966
316.10,879
316.20,913
316.31,1292
316.41,1897
316.52,1292
316.62,1024
316.73,1120
316.83,1046
316.93,1187
317.04,996
317.14,1161
317.25,1056
317.38,1351
317.48,1223
317.59,1102
317.69,998
317.79,1091
317.90,1140
318.00,1846
318.11,2166
318.21,2018
318.31,1152
318.42,525
318.52,563
318.63,674
318.73,1154
318.83,1275
318.94,983
319.04,1253
319.15,1119
319.25,1036
319.35,977
319.46,968
319.56,1185
319.69,1105
319.80,894
319.90,951
320.01,909
320.11,976
320.21,1056
320.32,1187
320.42,1112
320.53,987
320.63,933
320.73,1039
320.84,1057
320.94,944
321.05,941
321.15,921
321.25,1118
321.36,1109
321.46,1005
321.57,920
321.67,1024
321.77,1098
321.88,1147
322.01,748
322.12,219
322.23,900
322.33,1491
322.43,1289
322.54,1827
322.64,1034
322.75,930
322.85,1070
322.95,1082
323.06,1014
323.16,1021
323.27,1081
323.37,1032
323.47,1062
323.58,996
323.68,996
323.79,1090
323.89,1082
323.99,1033
324.10,1065
324.20,1026
324.36,1012
324.47,986
324.57,1060
324.67,1013
324.78,1099
324.88,1028
324.99,1033
325.09,1031
325.19,1017
325.30,1031
325.40,1032
325.51,1041
325.61,1020
325.71,1014
325.82,1094
325.92,1021
326.03,1025
326.13,1025
326.23,1036
326.34,1014
326.44,1001
326.58,1039
326.68,1028
326.79,1013
326.89,1035
326.99,1014
327.10,1036
327.21,1034
327.31,1071
327.41,1001
327.52,907
327.62,1191
327.73,1039
327.83,980
327.93,966
328.04,1055
328.14,998
328.25,950
328.35,1016
328.45,1001
328.56,1120
328.67,1005
328.77,1005
328.91,1094
329.01,1019
329.11,1007
329.22,993
329.32,943
329.43,1167
329.53,878
329.64,921
329.74,976
329.85,1134
329.95,1382
330.05,1173
330.16,1550
330.26,985
330.37,860
330.47,1332
330.57,1088
330.68,1338
330.78,608
330.89,1039
330.99,1734
331.09,929
331.23,1155
331.33,746
331.44,1302
331.55,1218
331.65,1146
331.75,609
331.86,1370
331.96,1640
332.07,1683
332.17,609
332.27,1048
332.38,1123
332.48,1554
332.59,688
332.69,653
332.79,1673
332.90,1858
333.00,811
333.11,832
333.21,1504
333.31,1221
333.42,623
333.57,1371
333.68,1770
333.78,2107
333.89,707
333.99,1095
334.09,1293
334.20,1072
334.30,710
334.41,966
334.51,1839
334.62,1746
334.72,908
334.83,778
334.93,1413
335.03,1393
335.14,848
335.24,704
335.35,1600
335.45,1951
335.55,1628
335.66,694
335.76,1353
335.89,1415
336.00,783
336.10,595
336.21,1633
336.31,2031
336.41,1372
336.52,561
336.62,1187
336.73,1181
336.83,1453
336.93,446
337.04,1108
337.14,2129
337.25,1865
337.35,823
337.45,815
337.56,1425
337.66,1149
337.77,926
337.87,623
337.97,1607
338.08,2022
338.21,1498
338.32,679
338.42,1127
338.53,1193
338.63,1529
338.73,816
338.84,790
338.94,1587
339.05,1605
339.15,1380
339.25,637
339.36,1232
339.46,1481
339.57,1228
339.67,496
339.77,1271
339.88,1889
339.98,2018
340.09,870
340.19,601
340.29,1408
340.40,1043
340.53,855
340.64,741
340.74,1370
340.85,1545
340.95,1846
341.05,757
341.16,975
341.26,1254
341.37,1006
341.47,1011
341.57,965
341.68,1467
341.79,1719
341.89,1718
341.99,1068
342.10,1208
342.20,1334
342.31,774
342.41,1092
342.51,983
342.62,1678
342.72,1946
342.88,1796
342.98,977
343.09,1284
343.19,1183
343.29,1264
343.40,1097
343.50,894
343.61,1575
343.71,1572
343.82,1551
343.92,826
344.03,1084
344.13,1077
344.23,1017
344.34,1220
344.44,803
344.55,1708
344.65,1860
344.75,1817
344.86,972
344.96,953
345.07,1184
345.20,1321
345.30,1118
345.41,888
345.51,1653
345.61,1772
345.72,1572
345.82,911
345.93,984
346.03,1101
346.13,1209
346.24,1165
346.34,756
346.45,1390
346.55,1959
346.65,1938
346.76,1239
346.86,987
346.97,1141
347.07,1098
347.17,1457
347.28,1198
347.41,1710
347.52,1975
347.62,1821
347.73,1390
347.83,1027
347.93,1009
348.04,937
348.14,1401
348.25,1112
348.35,1582
348.45,1492
348.56,1323
348.66,1830
348.77,1476
348.87,1114
348.97,1046
349.08,956
349.18,1806
349.29,1324
349.39,1205
349.49,1933
349.60,1077
349.73,880
349.84,1555
349.94,1636
350.05,2085
350.15,1013
350.25,887
350.36,1171
350.46,1124
350.57,1269
350.67,673
350.77,1102
350.88,1830
350.98,1665
351.09,1399
351.19,936
351.29,1291
351.40,812
351.50,1417
351.61,1222
351.71,1116
351.81,2104
351.92,1685
352.08,912
352.18,1474
352.29,1083
352.39,1350
352.49,711
352.60,1038
352.70,2192
352.81,1737
352.91,1120
353.01,811
353.12,1593
353.22,1068
353.33,1318
353.43,898
353.53,1447
353.64,2120
353.74,1983
353.85,891
353.95,1320
354.05,1201
354.16,1492
354.29,707
354.40,1422
354.50,1763
354.61,1673
354.71,1146
354.81,828
354.92,1349
355.03,1105
355.13,935
355.23,1011
355.34,1277
355.45,1786
355.55,1648
355.65,705
355.76,1198
355.86,1078
355.97,1256
356.07,1102
356.17,675
356.28,2082
356.38,1632
356.49,1354
356.62,934
356.72,1250
356.83,1018
356.93,1328
357.03,1755
357.14,1069
357.24,1805
357.35,1622
357.45,1242
357.55,825
357.66,1384
357.77,1242
357.87,1313
357.97,1350
358.08,959
358.18,1842
358.29,1938
358.39,838
358.49,878
358.60,1342
358.70,1032
358.81,1152
358.94,513
359.05,1575
359.15,2008
359.25,1889
359.36,599
359.46,1070
359.57,1320
359.67,1076
359.77,1112
359.88,767
359.98,1317
360.09,1776
360.19,1820
360.29,890
360.40,1159
360.50,1393
360.61,1101
360.71,1305
360.81,682
360.92,1491
361.02,1900
361.13,1780
361.29,703
361.39,1178
361.49,1196
361.60,1437
361.70,980
361.81,753
361.91,2050
362.01,1730
362.12,1384
362.23,949
362.33,1678
362.43,1067
362.54,1276
362.64,1051
362.75,1138
362.85,2298
362.95,2216
363.06,1119
363.16,1055
363.27,1161
363.37,910
363.51,1099
363.61,979
363.71,1939
363.82,1357
363.92,1675
364.03,756
364.13,1623
364.23,1170
364.34,1228
364.44,849
364.55,747
364.65,1996
364.75,2147
364.86,1802
364.96,1113
365.07,1868
365.17,1075
365.27,1375
365.38,1945
365.48,1685
365.59,1634
365.69,1852
365.82,1194
365.93,1316
366.03,1514
366.13,985
366.24,1276
366.34,1307
366.45,1498
366.55,2472
366.65,2083
366.76,1693
366.86,1322
366.97,1720
367.07,1065
367.18,992
367.28,1243
367.39,2164
367.49,1826
367.59,1053
367.70,875
367.80,1317
367.91,1541
368.01,709
368.14,2213
368.25,1341
368.35,904
368.45,798
368.56,1054
368.66,959
368.77,696
368.87,946
368.97,1691
369.08,1359
369.18,546
369.29,957
369.39,1675
369.49,1098
369.60,442
369.70,1383
369.81,2517
369.91,1117
370.01,796
370.12,558
370.22,719
370.33,2086
370.49,459
370.59,311
370.69,906
370.80,1842
370.90,1579
371.01,861
371.11,466
371.21,417
371.32,909
371.42,2377
371.53,1154
371.63,729
371.73,841
371.84,998
371.94,1077
372.05,1093
372.15,1604
372.25,730
372.36,624
372.46,1005
372.57,1171
372.67,1212
372.81,1115
372.91,944
373.01,1001
373.12,1034
373.22,1111
373.33,988
373.43,898
373.53,944
373.64,724
373.74,979
373.85,1440
373.95,1200
374.05,1032
374.16,699
374.26,1362
374.37,1735
374.47,885
374.57,1350
374.68,1577
374.78,668
374.89,968
374.99,1157
375.10,920
375.23,1006
375.33,1104
375.43,1092
375.54,1045
375.64,1122
375.75,1153
375.85,1002
375.96,990
376.06,932
376.17,966
376.27,1034
376.37,1139
376.48,1051
376.58,895
376.69,1088
376.79,1152
376.89,1014
377.00,993
377.10,971
377.21,985
377.31,1003
377.42,1025
377.55,961
377.65,918
377.75,1207
377.86,1918
377.96,1022
378.07,1079
378.17,794
378.28,845
378.38,978
378.49,924
378.59,1146
378.69,1187
378.80,1110
378.90,988
379.01,957
379.11,933
379.21,1061
379.32,955
379.42,1045
379.53,1200
379.63,1066
379.73,1050
379.91,911
380.01,1071
380.12,1221
380.22,1098
380.33,1153
380.43,1000
380.53,920
380.64,1034
380.74,1072
380.85,1163
380.95,1137
381.05,1023
381.16,1175
381.26,1232
381.37,1076
381.47,1005
381.57,1022
381.68,929
381.78,977
381.89,916
381.99,1027
382.13,1149
382.23,1176
382.33,1223
382.44,1061
382.54,1212
382.65,965
382.75,910
382.85,361
382.96,758
383.06,1229
383.17,1402
383.27,757
383.37,1050
383.48,722
383.58,923
383.69,977
383.79,1149
383.89,1523
384.00,1379
384.10,915
384.21,556
384.31,733
384.41,1030
384.55,1150
384.65,946
384.75,1044
384.86,1685
384.96,916
385.07,1082
385.17,734
385.27,452
385.38,890
385.48,1257
385.59,1368
385.69,1659
385.79,1394
385.90,801
386.00,681
386.11,764
386.21,1045
386.31,1070
386.42,1093
386.52,1035
386.63,1638
386.73,829
386.86,1264
386.97,677
387.07,740
387.17,1058
387.28,1174
387.38,1219
387.49,1183
387.59,1099
387.69,966
387.80,904
387.90,890
388.01,1044
388.11,1231
388.21,989
388.32,869
388.42,1178
388.53,1116
388.63,933
388.73,854
388.84,957
388.94,1237
389.05,882
389.20,1088
389.31,892
389.41,948
389.51,1233
389.62,861
389.72,977
389.83,1150
389.93,1031
390.03,1047
390.14,1104
390.24,1063
390.35,867
390.45,1006
390.55,895
390.66,1116
390.76,1019
390.87,1065
390.97,1157
391.07,1117
391.18,1106
391.28,1051
391.39,839
391.52,813
391.62,1068
391.73,1071
391.83,1121
391.93,935
392.04,1181
392.14,991
392.25,1159
392.35,1054
392.45,1055
392.56,1039
392.66,1043
392.77,1106
392.87,821
392.97,1015
393.08,951
393.19,961
393.29,984
393.39,935
393.50,987
393.60,905
393.71,899
393.84,1097
393.95,1151
394.05,1264
394.15,1248
394.26,1101
394.36,1163
394.47,1126
394.57,1054
394.67,968
394.78,1010
394.88,1059
394.99,1015
395.09,1045
395.19,1084
395.30,1060
395.40,1025
395.51,1015
395.61,980
395.71,1049
395.82,1033
395.93,1019
396.03,1130
396.17,1071
396.27,1037
396.37,1018
396.48,1000
396.58,1008
396.69,1034
396.79,997
396.89,1069
397.00,1038
397.10,1047
397.21,1086
397.31,1025
397.41,1032
397.52,1032
397.62,1008
397.73,1045
397.83,1065
397.93,975
398.04,1023
398.14,1253
398.25,1093
398.40,1037
398.51,1008
398.61,1037
398.71,1018
398.82,989
398.92,980
399.03,992
399.13,946
399.23,1106
399.34,1036
399.44,1156
399.55,1157
399.65,1165
399.75,1032
399.86,1073
399.96,1114
400.07,1131
400.17,1025
400.27,1000
400.38,937
400.48,1045
400.59,1153
400.72,1017
400.83,968
400.93,1003
401.03,1089
401.14,1056
401.24,1046
401.35,1099
401.45,1038
401.55,968
401.66,1033
401.76,1010
401.87,1031
401.97,1058
402.07,1022
402.18,1033
402.28,1017
402.39,1024
402.49,1047
402.59,1036
402.70,1011
402.80,1018
402.94,1062
403.04,1010
403.15,1047
403.25,1037
403.35,1017
403.46,1022
403.56,1125
403.67,1040
403.77,944
403.87,1012
403.98,1052
404.09,1007
404.19,1065
404.29,1043
404.40,1056
404.50,1065
404.61,1053
404.71,1021
404.81,970
404.92,1015
405.02,1053
405.13,977
405.26,991
405.37,1087
405.47,1224
405.57,1106
405.68,1160
405.78,1187
405.89,1290
405.99,959
406.10,939
406.20,1010
406.31,952
406.41,1029
406.51,1151
406.62,1116
406.72,1049
406.83,1029
406.93,1014
407.04,1005
407.14,1094
407.25,1016
407.35,1026
407.45,1018
407.61,1004
407.72,1024
407.82,1053
407.93,1056
408.03,1096
408.13,1065
408.24,1032
408.35,1033
408.45,1031
408.55,1029
408.66,1032
408.76,1063
408.87,1068
408.97,969
409.07,1008
409.18,1090
409.28,1031
409.39,976
409.49,1050
409.59,1063
409.70,1008
409.83,1015
409.94,1054
410.04,1005
410.15,1039
410.25,1025
410.35,1010
410.46,1085
410.56,977
410.67,954
410.77,1112
410.87,1146
410.98,1016
411.08,1080
411.19,1059
411.29,1054
411.39,1039
411.50,976
411.60,1027
411.71,1128
411.81,1070
411.91,1028
412.02,985
412.15,1015
412.25,1021
412.36,976
412.46,988
412.57,1029
412.67,1028
412.77,1043
412.88,1110
412.98,1092
413.09,1006
413.19,1030
413.29,1085
413.40,1032
413.50,1053
413.61,1018
413.71,1085
413.81,1186
413.92,1182
414.02,1079
414.13,950
414.23,951
414.34,1031
414.47,1029
414.57,1075
414.67,965
414.78,1561
414.88,1014
414.99,992
415.09,1101
415.19,1025
415.30,770
415.40,1032
415.51,1018
415.61,895
415.71,1033
415.82,1188
415.92,1053
416.03,1040
416.13,1023
416.23,974
416.34,1018
416.44,1177
416.55,1151
416.70,974
416.81,933
416.91,952
417.01,1020
417.12,1017
417.22,1026
417.33,990
417.43,1144
417.53,994
417.64,1015
417.74,922
417.85,1004
417.95,1069
418.05,1019
418.16,974
418.26,1155
418.37,1101
418.47,902
418.57,1030
418.68,1010
418.78,946
418.89,921
419.02,987
419.13,1025
419.23,992
419.33,987
419.44,991
419.54,1029
419.65,1042
419.75,1020
419.85,1026
419.96,993
420.06,994
420.17,980
420.27,961
420.37,977
420.48,1003
420.58,1029
420.69,972
420.79,532
420.89,1045
421.00,1042
421.10,1135
421.21,1020
421.31,1160
421.44,1271
421.55,1347
421.65,1630
421.76,993
421.87,335
421.97,603
422.07,419
422.18,1455
422.28,1873
422.39,2407
422.49,969
422.59,1310
422.70,1297
422.80,1253
422.91,1148
423.01,1021
423.11,925
423.22,990
423.32,1227
423.43,1159
423.53,1188
423.63,1078
423.77,981
423.87,1006
423.97,1026
424.08,1064
424.19,1002
424.29,1021
424.39,1035
424.50,978
424.60,1084
424.71,1065
424.81,1009
424.91,1096
425.02,1600
425.12,2047
425.23,1137
425.33,404
425.43,351
425.54,565
425.64,1936
425.75,2150
425.85,1157
426.01,952
426.11,909
426.21,1042
426.32,1690
426.42,1257
426.53,1273
426.63,1073
426.73,1172
426.84,1101
426.95,1508
427.05,1191
427.15,980
427.26,1029
427.36,1181
427.47,1042
427.57,1089
427.67,1280
427.78,1223
427.88,1008
427.99,1128
428.09,1172
428.20,1006
428.33,1192
428.44,1991
428.55,2183
428.65,864
428.75,624
428.86,384
428.96,956
429.07,2110
429.17,2133
429.27,1439
429.38,1135
429.48,897
429.59,999
429.69,1067
429.79,1623
429.90,1062
430.00,1184
430.11,984
430.21,1123
430.31,1172
430.42,1260
430.52,921
430.65,792
430.76,921
430.86,1043
430.97,1090
431.07,1153
431.17,1195
431.28,1125
431.38,1111
431.49,1057
431.59,964
431.69,1045
431.80,1422
431.90,868
432.01,1084
432.11,1186
432.21,1158
432.32,993
432.42,835
432.53,939
432.63,1206
432.73,1582
432.84,1271
432.97,956
433.08,1093
433.18,739
433.29,685
433.39,681
433.49,1005
433.60,1279
433.70,999
433.81,1239
433.91,983
434.01,997
434.12,922
434.22,727
434.33,1017
434.43,968
434.53,1061
434.64,861
434.74,1040
434.85,1003
434.95,1083
435.05,1028
435.16,1049
435.32,1002
435.42,955
435.53,916
435.63,1153
435.73,1061
435.84,1067
435.94,1095
436.05,1102
436.15,990
436.25,992
436.36,1043
436.46,1011
436.57,993
436.67,622
436.77,1189
436.88,1406
436.98,891
437.09,865
437.19,769
437.29,935
437.40,1372
437.51,1286
437.64,2210
437.75,1237
437.85,2034
437.95,2749
438.06,2892
438.16,1775
438.27,2435
438.37,899
438.47,1894
438.58,3034
438.68,2142
438.79,950
438.89,1785
438.99,1585
439.10,1329
439.20,1145
439.31,788
439.41,629
439.51,1371
439.62,2239
439.72,1061
439.83,1094
439.96,1431
440.06,1103
440.17,921
440.27,862
440.37,1083
440.48,1293
440.58,1157
440.69,1040
440.79,1277
440.89,1175
441.00,1427
441.10,1476
441.21,1169
441.31,852
441.41,711
441.52,1166
441.62,2254
441.73,2119
441.83,1305
441.93,1027
442.04,1395
442.14,1875
442.27,1665
442.38,1045
442.48,1464
442.59,1076
442.69,1249
442.80,1481
442.90,1717
443.01,1527
443.11,1140
443.21,951
443.32,834
443.42,1486
443.53,1794
443.63,1120
443.73,1117
443.84,1286
443.94,1205
444.05,1219
444.15,1202
444.25,980
444.36,890
444.51,1148
444.62,1128
444.72,1052
444.83,1071
444.93,1064
445.03,1078
445.14,1011
445.24,1000
445.35,1018
445.45,1020
445.56,1052
445.66,1059
445.77,1036
445.87,1050
445.97,1035
446.08,1031
446.18,1012
446.29,1025
446.39,1043
446.49,1042
446.60,1061
446.70,1046
446.83,1040
446.94,1035
447.04,1040
447.15,1058
447.25,1025
447.35,992
447.46,990
447.56,976
447.67,1063
447.77,1079
447.87,1056
447.98,1059
448.08,1029
448.19,1017
448.29,1013
448.39,1013
448.50,1126
448.60,1009
448.71,961
448.81,1044
448.91,1212
449.05,1418
449.15,1292
449.26,1179
449.36,1017
449.47,839
449.57,836
449.67,892
449.78,941
449.88,1056
449.99,824
450.09,1050
450.19,961
450.30,1060
450.40,1071
450.51,941
450.61,962
450.71,987
450.82,1124
450.92,1118
451.03,1112
451.13,952
451.23,976
451.35,1319
451.47,1161
451.57,1118
451.68,1236
451.78,909
451.89,1112
451.99,1023
452.09,1059
452.20,1130
452.30,954
452.41,1128
452.51,1112
452.61,1050
452.72,967
452.82,1068
452.93,921
453.03,912
453.13,1340
453.24,884
453.34,796
453.45,1119
453.55,1049
453.73,961
453.83,1092
453.93,1271
454.04,1289
454.14,1134
454.25,650
454.35,915
454.46,1216
454.56,1204
454.67,1092
454.77,1036
454.87,883
454.98,1062
455.09,1816
455.19,1017
455.29,932
455.40,1102
455.50,971
455.61,1056
455.71,1170
455.81,1206
455.92,1131
456.05,813
456.16,1107
456.26,994
456.37,1001
456.47,1044
456.57,1097
456.68,1322
456.78,964
456.89,863
456.99,981
457.09,956
457.20,899
457.30,988
457.41,1154
457.51,1471
457.61,928
457.72,1017
457.82,1010
457.93,1040
458.03,1001
458.13,997
458.24,1003
458.37,989
458.48,993
458.58,1017
458.69,1006
458.79,1034
458.90,971
459.00,986
459.11,979
459.21,1030
459.31,1011
459.42,1024
459.52,1009
459.63,1029
459.73,1108
459.83,998
459.94,996
460.04,1111
460.15,1006
460.25,987
460.35,1004
460.46,1077
460.56,1028
460.70,1011
460.80,1056
460.91,1021
461.01,965
461.12,1001
461.22,981
461.33,1009
461.43,1005
461.53,1040
461.64,1101
461.74,1009
461.85,1040
461.95,1004
462.05,1001
462.16,989
462.26,989
462.37,1039
462.47,1015
462.57,1020
462.68,1347
462.78,1016
462.89,1113
463.04,935
463.15,1182
463.25,1077
463.35,1009
463.46,988
463.56,957
463.67,1016
463.77,1022
463.87,1050
463.98,1040
464.09,903
464.19,1022
464.29,1093
464.40,1073
464.50,1023
464.61,1010
464.71,1042
464.81,906
464.92,1048
465.02,1001
465.13,1027
465.23,1095
465.36,1313
465.47,1049
465.57,1041
465.68,989
465.78,978
465.89,973
465.99,1026
466.09,1072
466.20,1021
466.30,1024
466.41,1203
466.51,1057
466.61,1050
466.72,1004
466.82,964
466.93,870
467.03,1060
467.13,1037
467.24,1004
467.34,1034
467.45,984
467.55,996
467.68,1277
467.79,1025
467.89,1025
467.99,1068
468.10,1090
468.20,1105
468.31,860
468.41,1181
468.51,890
468.62,1025
468.73,1021
468.83,1060
468.93,1151
469.04,890
469.15,1175
469.25,1119
469.35,894
469.46,1036
469.56,1130
469.67,983
469.77,1132
469.88,933
470.01,1102
470.11,1053
470.21,912
470.32,1244
470.42,1302
470.53,931
470.63,977
470.73,994
470.84,1009
470.94,1013
471.05,819
471.15,1050
471.25,1282
471.36,977
471.47,1013
471.57,1091
471.67,992
471.78,1088
471.88,1026
471.99,890
472.09,960
472.19,946
472.35,1039
472.46,1045
472.56,1020
472.67,1000
472.77,1022
472.87,987
472.98,1021
473.08,1043
473.19,1037
473.29,1019
473.39,1016
473.50,1091
473.60,1046
473.71,1012
473.81,1005
473.91,1006
474.02,1014
474.12,1017
474.23,1012
474.33,1049
474.43,1022
474.57,1025
474.67,1003
474.77,1029
474.88,989
474.98,1004
475.09,1008
475.19,1078
475.29,975
475.40,1022
475.50,1022
475.61,1019
475.71,1000
475.81,1038
475.92,1031
476.03,928
476.13,1016
476.23,968
476.34,1003
476.44,1014
476.55,1010
476.65,972
476.75,963
476.89,967
476.99,1012
477.09,1195
477.20,1119
477.30,994
477.41,1085
477.51,1056
477.61,776
477.72,805
477.82,1351
477.93,1282
478.03,824
478.13,998
478.24,1186
478.34,1208
478.45,1167
478.55,1013
478.65,1151
478.76,952
478.86,723
478.97,1376
479.07,1003
479.21,595
479.31,933
479.41,746
479.52,1149
479.62,696
479.73,880
479.83,1093
479.93,1361
480.04,981
480.14,1020
480.25,876
480.35,1346
480.45,2085
480.56,1371
480.66,1251
480.77,1100
480.87,1395
480.97,2679
481.08,3089
481.18,1360
481.29,1176
481.39,1347
481.55,1148
481.65,1178
481.75,904
481.86,904
481.96,1134
482.07,990
482.17,835
482.27,985
482.38,983
482.48,971
482.59,1099
482.69,1218
482.79,906
482.90,988
483.00,1079
483.11,1012
483.21,885
483.31,908
483.42,1070
483.52,1206
483.63,1186
483.73,1055
483.86,1157
483.97,1194
484.07,887
484.17,914
484.28,860
484.38,984
484.49,832
484.59,889
484.69,989
484.80,1061
484.90,1057
485.01,856
485.11,946
485.22,1293
485.32,999
485.43,1026
485.53,972
485.64,1082
485.74,1042
485.85,833
485.95,989
486.05,997
486.16,1055
486.29,973
486.39,906
486.50,916
486.60,896
486.71,767
486.81,1032
486.91,986
487.02,926
487.12,1052
487.23,986
487.33,999
487.43,966
487.54,1005
487.64,976
487.75,1134
487.85,932
487.95,1025
488.06,1038
488.16,1180
488.27,987
488.37,1039
488.47,621
488.61,1180
488.71,1022
488.82,890
488.92,874
489.03,1265
489.13,1450
489.23,1043
489.34,891
489.44,1534
489.55,1045
489.65,999
489.75,998
489.86,1011
489.96,999
490.07,999
490.17,995
490.28,967
490.38,981
490.49,957
490.59,1002
490.69,971
490.80,1001
490.93,916
491.06,1024
491.16,1091
491.27,1054
491.37,1012
491.47,1005
491.58,978
491.68,1001
491.79,996
491.89,1013
491.99,1012
492.10,1018
492.20,1010
492.31,1029
492.41,1019
492.51,1028
492.62,1019
492.72,1009
492.83,1006
492.93,1009
493.04,1006
493.14,1009
493.27,1043
493.38,1006
493.48,1021
493.59,1008
493.69,1013
493.79,1024
493.90,1015
494.00,1021
494.11,1020
494.21,1019
494.31,1010
494.42,1010
494.52,1009
494.63,1017
494.73,1014
494.84,1005
494.94,1016
495.05,1008
495.15,1011
495.25,1016
495.36,1016
495.49,1013
495.60,1004
495.70,1013
495.81,1001
495.91,1007
496.01,1010
496.12,1020
496.22,1013
496.33,1014
496.43,1001
496.53,1010
496.64,1007
496.74,1018
496.85,1008
496.95,1021
497.05,1024
497.16,1009
497.26,1007
497.37,1003
497.47,1004
497.57,1027
497.68,1025
497.81,1009
497.91,1021
498.02,1009
498.12,1017
498.23,1017
498.33,1012
498.43,1006
498.54,1015
498.64,1006
498.75,1006
498.85,1013
498.96,1000
499.06,1015
499.17,991
499.27,1003
499.37,1020
499.48,1009
499.58,1015
499.69,1012
499.79,1011
499.89,1020
500.05,1026
500.15,1020
500.26,1017
500.36,1012
500.47,1000
500.57,1008
500.67,1012
500.78,1014
500.88,1014
